dateandtime,Temperature_Almaty
1/31/2018,-14.1
1/30/2018,-20.1
1/29/2018,-24.8
1/28/2018,-27.5
1/27/2018,-26.9
1/26/2018,-25.3
1/25/2018,-23.4
1/24/2018,-20
1/23/2018,-14.5
1/22/2018,-7.5
1/21/2018,-5.8
1/20/2018,-0.9
1/19/2018,-10.5
1/18/2018,-10.5
1/17/2018,-9.7
1/16/2018,-10.7
1/15/2018,-3.8
1/14/2018,-4.6
1/13/2018,-5.5
1/12/2018,-4.8
1/11/2018,-3.3
1/10/2018,-4.9
1/9/2018,-1.6
1/8/2018,-5.7
1/7/2018,-14.7
1/6/2018,-15.2
1/5/2018,-15.3
1/4/2018,-13.7
1/3/2018,-10.5
1/2/2018,-8.3
1/1/2018,-6.7
12/31/2017,-6
12/30/2017,-5.7
12/29/2017,-4.5
12/28/2017,-3
12/27/2017,2.1
12/26/2017,6.5
12/25/2017,1.2
12/24/2017,-1.4
12/23/2017,-3.8
12/22/2017,-0.8
12/21/2017,-0.6
12/20/2017,-0.5
12/19/2017,-4
12/18/2017,-7.9
12/17/2017,-8
12/16/2017,-6.9
12/15/2017,-6.9
12/14/2017,-6
12/13/2017,-6.1
12/12/2017,-6.1
12/11/2017,-5.5
12/10/2017,-1.1
12/9/2017,0
12/8/2017,-5.8
12/7/2017,-5.1
12/6/2017,-6.1
12/5/2017,-5.6
12/4/2017,-5.2
12/3/2017,-2.9
12/2/2017,-0.3
12/1/2017,-0.9
11/30/2017,0.1
11/29/2017,0.7
11/28/2017,1.1
11/27/2017,4.6
11/26/2017,5.3
11/25/2017,-0.2
11/24/2017,-1.1
11/23/2017,-2.3
11/22/2017,-2.8
11/21/2017,-4.3
11/20/2017,-4.9
11/19/2017,3
11/18/2017,-2.4
11/17/2017,-2.1
11/16/2017,4.3
11/15/2017,6.4
11/14/2017,1
11/13/2017,-0.7
11/12/2017,1
11/11/2017,1.7
11/10/2017,7.1
11/9/2017,1.5
11/8/2017,2.8
11/7/2017,10.8
11/6/2017,5.7
11/5/2017,3.9
11/4/2017,7
11/3/2017,15
11/2/2017,12.8
11/1/2017,17.3
10/31/2017,17.7
10/30/2017,7.8
10/29/2017,11.5
10/28/2017,7.2
10/27/2017,0.4
10/26/2017,3.7
10/25/2017,7.4
10/24/2017,11.6
10/23/2017,6.4
10/22/2017,11.1
10/21/2017,5.5
10/20/2017,9.4
10/19/2017,6.6
10/18/2017,11.4
10/17/2017,13.5
10/16/2017,11
10/15/2017,14.4
10/14/2017,10.3
10/13/2017,10.2
10/12/2017,6.8
10/11/2017,4.8
10/10/2017,3.9
10/9/2017,1.9
10/8/2017,0.8
10/7/2017,1.4
10/6/2017,1.9
10/5/2017,5.3
10/4/2017,6.8
10/3/2017,12.5
10/2/2017,3.9
10/1/2017,2.3
9/30/2017,6.2
9/29/2017,6.1
9/28/2017,12.6
9/27/2017,14.5
9/26/2017,4.9
9/25/2017,4.5
9/24/2017,9.8
9/23/2017,17.4
9/22/2017,15.8
9/21/2017,12.3
9/20/2017,14.8
9/19/2017,19.4
9/18/2017,16.7
9/17/2017,15
9/16/2017,15.1
9/15/2017,11.7
9/14/2017,9.8
9/13/2017,8.6
9/12/2017,18.3
9/11/2017,20.6
9/10/2017,22
9/9/2017,17.3
9/8/2017,17.6
9/7/2017,21.2
9/6/2017,23.3
9/5/2017,24
9/4/2017,20.4
9/3/2017,18.6
9/2/2017,22.6
9/1/2017,22.8
8/31/2017,22.2
8/30/2017,22.4
8/29/2017,19.5
8/28/2017,19
8/27/2017,19
8/26/2017,18.7
8/25/2017,15.2
8/24/2017,15
8/23/2017,15.4
8/22/2017,15.4
8/21/2017,12
8/20/2017,15.8
8/19/2017,14
8/18/2017,14.4
8/17/2017,18.7
8/16/2017,17
8/15/2017,17.7
8/14/2017,15.6
8/13/2017,12
8/12/2017,17
8/11/2017,25.4
8/10/2017,23
8/9/2017,22.7
8/8/2017,25.5
8/7/2017,21.6
8/6/2017,20.5
8/5/2017,20.8
8/4/2017,25.8
8/3/2017,23.5
8/2/2017,19
8/1/2017,24
7/31/2017,20.9
7/30/2017,23.8
7/29/2017,25.3
7/28/2017,29.5
7/27/2017,28.9
7/26/2017,26
7/25/2017,24
7/24/2017,23.2
7/23/2017,21.2
7/22/2017,21
7/21/2017,18.9
7/20/2017,18.2
7/19/2017,20.8
7/18/2017,20.8
7/17/2017,20.6
7/16/2017,18.5
7/15/2017,19.3
7/14/2017,20.3
7/13/2017,20.1
7/12/2017,24.5
7/11/2017,23.3
7/10/2017,28.9
7/9/2017,27.2
7/8/2017,28.3
7/7/2017,24.9
7/6/2017,25.1
7/5/2017,25.4
7/4/2017,24.7
7/3/2017,23.5
7/2/2017,23.6
7/1/2017,17.4
6/30/2017,16.2
6/29/2017,18
6/28/2017,19.2
6/27/2017,22.4
6/26/2017,18.9
6/25/2017,21.3
6/24/2017,22.2
6/23/2017,22.6
6/22/2017,23.5
6/21/2017,22.8
6/20/2017,23
6/19/2017,21.5
6/18/2017,24.6
6/17/2017,22.6
6/16/2017,19.2
6/15/2017,23.2
6/14/2017,22
6/13/2017,17.8
6/12/2017,12
6/11/2017,18.4
6/10/2017,21.7
6/9/2017,12.4
6/8/2017,10.7
6/7/2017,10.8
6/6/2017,15.4
6/5/2017,15.6
6/4/2017,18.3
6/3/2017,18.6
6/2/2017,15.9
6/1/2017,12.7
5/31/2017,12.8
5/30/2017,21.2
5/29/2017,16.5
5/28/2017,16.4
5/27/2017,14
5/26/2017,18.3
5/25/2017,19.2
5/24/2017,17.2
5/23/2017,17.2
5/22/2017,13.4
5/21/2017,11.4
5/20/2017,9.2
5/19/2017,11.2
5/18/2017,19.6
5/17/2017,19.9
5/16/2017,22.4
5/15/2017,20.6
5/14/2017,18.8
5/13/2017,15.6
5/12/2017,16.5
5/11/2017,18.6
5/10/2017,15.3
5/9/2017,16.3
5/8/2017,11.7
5/7/2017,15.5
5/6/2017,17
5/5/2017,12
5/4/2017,8.6
5/3/2017,5.9
5/2/2017,4.6
5/1/2017,6.1
4/30/2017,7.3
4/29/2017,5.3
4/28/2017,11.2
4/27/2017,17.3
4/26/2017,14.7
4/25/2017,11.7
4/24/2017,12.2
4/23/2017,12.2
4/22/2017,12.1
4/21/2017,16.7
4/20/2017,12
4/19/2017,8
4/18/2017,7.6
4/17/2017,12.5
4/16/2017,14.2
4/15/2017,7.2
4/14/2017,7.4
4/13/2017,12.2
4/12/2017,11.8
4/11/2017,10.1
4/10/2017,5.7
4/9/2017,3.3
4/8/2017,0.7
4/7/2017,-1.1
4/6/2017,0.6
4/5/2017,2.7
4/4/2017,1.7
4/3/2017,4.3
4/2/2017,4.3
4/1/2017,12.2
3/31/2017,5.5
3/30/2017,11.5
3/29/2017,7.1
3/28/2017,6.5
3/27/2017,2.9
3/26/2017,7
3/25/2017,11.2
3/24/2017,6
3/23/2017,1.7
3/22/2017,-0.1
3/21/2017,-2.4
3/20/2017,-3
3/19/2017,-2.7
3/18/2017,-1.4
3/17/2017,0.6
3/16/2017,-1.1
3/15/2017,-3.8
3/14/2017,-2.2
3/13/2017,-0.5
3/12/2017,-2.1
3/11/2017,-3.3
3/10/2017,0.1
3/9/2017,0.3
3/8/2017,0.6
3/7/2017,-0.2
3/6/2017,-2.8
3/5/2017,-2.3
3/4/2017,-4.8
3/3/2017,-4.1
3/2/2017,-1.1
3/1/2017,2.5
2/28/2017,-1.8
2/27/2017,-1.3
2/26/2017,2
2/25/2017,2
2/24/2017,0.7
2/23/2017,-5.3
2/22/2017,-6.7
2/21/2017,-7.7
2/20/2017,-7.5
2/19/2017,0.1
2/18/2017,1.3
2/17/2017,2.1
2/16/2017,-2.1
2/15/2017,-5.7
2/14/2017,-6.5
2/13/2017,-4.4
2/12/2017,-5.1
2/11/2017,-6.1
2/10/2017,-1.4
2/9/2017,0.1
2/8/2017,-6.5
2/7/2017,-13.1
2/6/2017,-12.7
2/5/2017,-9.9
2/4/2017,-4.1
2/3/2017,-2.5
2/2/2017,-4
2/1/2017,-2.4
1/31/2017,1.9
1/30/2017,-4.3
1/29/2017,-2.1
1/28/2017,-3.1
1/27/2017,-6.2
1/26/2017,-8
1/25/2017,-4.1
1/24/2017,-3.1
1/23/2017,-1.8
1/22/2017,-0.3
1/21/2017,-4
1/20/2017,-6
1/19/2017,-4.5
1/18/2017,-13
1/17/2017,-10.9
1/16/2017,-9.2
1/15/2017,-7.7
1/14/2017,-7
1/13/2017,-0.5
1/12/2017,2
1/11/2017,-4.9
1/10/2017,-8.3
1/9/2017,-6.5
1/8/2017,-5.9
1/7/2017,-2.9
1/6/2017,-3.7
1/5/2017,-3.6
1/4/2017,-1.3
1/3/2017,-1.7
1/2/2017,-5.3
1/1/2017,2.5
12/31/2016,-3.3
12/30/2016,0.6
12/29/2016,-3.3
12/28/2016,1.9
12/27/2016,-0.6
12/26/2016,-8.4
12/25/2016,-10.4
12/24/2016,-6.4
12/23/2016,-1.1
12/22/2016,-0.5
12/21/2016,-7.4
12/20/2016,-5.5
12/19/2016,-2.1
12/18/2016,-0.2
12/17/2016,6.7
12/16/2016,7.6
12/15/2016,4.1
12/14/2016,-2.5
12/13/2016,3.3
12/12/2016,-2.9
12/11/2016,-3.9
12/10/2016,-4.3
12/9/2016,0
12/8/2016,3.7
12/7/2016,2.9
12/6/2016,1.4
12/5/2016,3.9
12/4/2016,5.7
12/3/2016,6.3
12/2/2016,-1.9
12/1/2016,-2.5
11/30/2016,-6
11/29/2016,-8.3
11/28/2016,-10.1
11/27/2016,-6.4
11/26/2016,-8.5
11/25/2016,-11.6
11/24/2016,-12
11/23/2016,-13.3
11/22/2016,-13.9
11/21/2016,-13.7
11/20/2016,-12.7
11/19/2016,-6.5
11/18/2016,-8.1
11/17/2016,-7.7
11/16/2016,2.8
11/15/2016,3.9
11/14/2016,8
11/13/2016,7.3
11/12/2016,8.4
11/11/2016,5.5
11/10/2016,2
11/9/2016,-1.3
11/8/2016,4.7
11/7/2016,3.9
11/6/2016,-1.5
11/5/2016,0
11/4/2016,9.5
11/3/2016,21.1
11/2/2016,10.9
11/1/2016,7
10/31/2016,3.7
10/30/2016,4.6
10/29/2016,2.6
10/28/2016,-3.5
10/27/2016,-4
10/26/2016,-1.4
10/25/2016,-0.3
10/24/2016,-0.4
10/23/2016,1.4
10/22/2016,1.7
10/21/2016,-1
10/20/2016,-2
10/19/2016,1.2
10/18/2016,6.6
10/17/2016,12.3
10/16/2016,4.7
10/15/2016,-1.6
10/14/2016,1.2
10/13/2016,14.4
10/12/2016,10.2
10/11/2016,6.9
10/10/2016,9.2
10/9/2016,4.5
10/8/2016,6.7
10/7/2016,6.3
10/6/2016,4.5
10/5/2016,7.1
10/4/2016,5.4
10/3/2016,6.6
10/2/2016,12.1
10/1/2016,13.1
9/30/2016,12.5
9/29/2016,17.5
9/28/2016,16
9/27/2016,13.6
9/26/2016,13.5
9/25/2016,12.2
9/24/2016,12
9/23/2016,15.9
9/22/2016,17.4
9/21/2016,19.9
9/20/2016,19.4
9/19/2016,20.4
9/18/2016,18
9/17/2016,21.7
9/16/2016,16.4
9/15/2016,12.1
9/14/2016,10.8
9/13/2016,16.9
9/12/2016,16.6
9/11/2016,19.9
9/10/2016,20.8
9/9/2016,21.1
9/8/2016,21.6
9/7/2016,18.2
9/6/2016,19.9
9/5/2016,21.7
9/4/2016,22.1
9/3/2016,21.8
9/2/2016,17.9
9/1/2016,14.6
8/31/2016,22.4
8/30/2016,24.3
8/29/2016,20.3
8/28/2016,19.3
8/27/2016,20
8/26/2016,19.4
8/25/2016,16.8
8/24/2016,14
8/23/2016,14.4
8/22/2016,18.2
8/21/2016,20.4
8/20/2016,20.1
8/19/2016,19.4
8/18/2016,17.6
8/17/2016,18.4
8/16/2016,17.8
8/15/2016,19
8/14/2016,21.8
8/13/2016,19.6
8/12/2016,19.3
8/11/2016,19.7
8/10/2016,19.2
8/9/2016,20
8/8/2016,16.7
8/7/2016,21.5
8/6/2016,20.6
8/5/2016,20.4
8/4/2016,18
8/3/2016,16.7
8/2/2016,17.1
8/1/2016,13.5
7/31/2016,20.5
7/30/2016,17
7/29/2016,19
7/28/2016,23.6
7/27/2016,22.1
7/26/2016,23.8
7/25/2016,21.6
7/24/2016,21
7/23/2016,18.2
7/22/2016,25
7/21/2016,22.7
7/20/2016,20
7/18/2016,20
7/17/2016,24.8
7/16/2016,18
7/15/2016,18.3
7/14/2016,27
7/13/2016,21.2
7/12/2016,20.3
7/11/2016,21.9
7/10/2016,21.9
7/9/2016,19.6
7/8/2016,19.2
7/7/2016,17.2
7/6/2016,17
7/5/2016,16
7/4/2016,19.9
7/3/2016,21.6
7/2/2016,20.2
7/1/2016,24.4
6/30/2016,21.1
6/29/2016,16
6/28/2016,16.9
6/27/2016,22
6/26/2016,18.4
6/25/2016,18.5
6/24/2016,17.4
6/23/2016,16
6/22/2016,16
6/21/2016,16.9
6/20/2016,15.6
6/19/2016,19.6
6/18/2016,16.3
6/17/2016,16.6
6/16/2016,21.6
6/15/2016,22.7
6/14/2016,22
6/13/2016,22.9
6/12/2016,24.5
6/11/2016,21.2
6/10/2016,21.8
6/9/2016,25.7
6/8/2016,22.8
6/7/2016,21.6
6/6/2016,19.1
6/5/2016,18.1
6/4/2016,16
6/3/2016,21.9
6/2/2016,20.9
6/1/2016,19.6
5/31/2016,16.5
5/30/2016,14.4
5/29/2016,15.7
5/28/2016,15.3
5/27/2016,15.8
5/26/2016,20.6
5/25/2016,14.5
5/24/2016,14
5/23/2016,14.8
5/22/2016,11.4
5/21/2016,9.4
5/20/2016,11.6
5/19/2016,6.6
5/18/2016,11.8
5/17/2016,13.2
5/16/2016,16.6
5/15/2016,14.7
5/14/2016,14.4
5/13/2016,12.8
5/12/2016,13.4
5/11/2016,11.4
5/10/2016,13.6
5/9/2016,21.2
5/8/2016,15.8
5/7/2016,12
5/6/2016,11.4
5/5/2016,14.2
5/4/2016,10.6
5/3/2016,14.4
5/2/2016,16.9
5/1/2016,7
4/30/2016,12.4
4/29/2016,19.6
4/28/2016,16.8
4/27/2016,14.2
4/26/2016,16.3
4/25/2016,13.7
4/24/2016,13
4/23/2016,11
4/22/2016,9.6
4/21/2016,15.1
4/20/2016,13.3
4/19/2016,15.1
4/18/2016,16.6
4/17/2016,12.3
4/16/2016,7.7
4/15/2016,6.7
4/14/2016,9.6
4/13/2016,8.3
4/12/2016,7.2
4/11/2016,7.7
4/10/2016,5.8
4/9/2016,7.7
4/8/2016,11.3
4/7/2016,9
4/6/2016,9.5
4/5/2016,5.2
4/4/2016,9
4/3/2016,6.4
4/2/2016,8.4
4/1/2016,8.8
3/31/2016,11.9
3/30/2016,12.8
3/29/2016,14.4
3/28/2016,9.6
3/27/2016,6.9
3/26/2016,8.4
3/25/2016,13.6
3/24/2016,10.1
3/23/2016,7.8
3/22/2016,7.8
3/21/2016,3.8
3/20/2016,1.7
3/19/2016,3.1
3/18/2016,3.1
3/17/2016,4.2
3/16/2016,1.4
3/15/2016,0.6
3/14/2016,8.6
3/13/2016,9.4
3/12/2016,5.3
3/11/2016,5.8
3/10/2016,5.3
3/9/2016,1.2
3/8/2016,5
3/7/2016,4.6
3/6/2016,4.3
3/5/2016,1.3
3/4/2016,-2
3/3/2016,-1.1
3/2/2016,11.6
3/1/2016,5.7
2/29/2016,6.1
2/28/2016,8.1
2/27/2016,13.1
2/26/2016,2.5
2/25/2016,0.7
2/24/2016,1.2
2/23/2016,3.9
2/22/2016,-3.1
2/21/2016,-4.3
2/20/2016,-3.5
2/19/2016,-7.3
2/18/2016,-7.3
2/17/2016,-1.8
2/16/2016,-4.4
2/15/2016,-6.1
2/14/2016,-9.1
2/13/2016,-12.8
2/12/2016,-13.8
2/11/2016,-12.7
2/10/2016,-6.7
2/9/2016,8.3
2/8/2016,5.9
2/7/2016,-1.6
2/6/2016,-1.6
2/5/2016,0.3
2/4/2016,-6.4
2/3/2016,-4.9
2/2/2016,-2
2/1/2016,-3.3
1/31/2016,-4.4
1/30/2016,-3.8
1/29/2016,-2.2
1/28/2016,0.3
1/27/2016,4
1/26/2016,-4.1
1/25/2016,-3.6
1/24/2016,-5
1/23/2016,-7.3
1/22/2016,-10.5
1/21/2016,-10.1
1/20/2016,-6.6
1/19/2016,-4.9
1/18/2016,-3.9
1/17/2016,0.1
1/16/2016,-4.7
1/15/2016,-5.5
1/14/2016,-3.2
1/13/2016,-3.3
1/12/2016,4
1/11/2016,-2.1
1/10/2016,-0.7
1/9/2016,1.6
1/8/2016,1.1
1/7/2016,-2.5
1/6/2016,-0.6
1/5/2016,1.3
1/4/2016,5.9
1/3/2016,-0.6
1/2/2016,0.5
1/1/2016,0.1
12/31/2015,0.8
12/30/2015,-0.4
12/29/2015,-0.3
12/28/2015,-3.5
12/27/2015,2.4
12/26/2015,-0.1
12/25/2015,4.9
12/24/2015,-1
12/23/2015,-2.8
12/22/2015,-4.1
12/21/2015,-7.1
12/20/2015,-6.7
12/19/2015,-0.3
12/18/2015,-1.7
12/17/2015,0.8
12/16/2015,-5.1
12/15/2015,-8
12/14/2015,-9.4
12/13/2015,-8.2
12/12/2015,-9
12/10/2015,0.7
12/9/2015,1.7
12/8/2015,-0.4
12/7/2015,-1.8
12/6/2015,0.7
12/5/2015,6.1
12/4/2015,7.4
12/3/2015,4.9
12/2/2015,1
12/1/2015,0.3
11/30/2015,3.2
11/29/2015,6.3
11/28/2015,2.2
11/27/2015,-0.3
11/26/2015,-0.5
11/25/2015,-0.9
11/24/2015,-0.4
11/23/2015,1.3
11/22/2015,2.5
11/21/2015,0.7
11/20/2015,6.3
11/19/2015,9.2
11/18/2015,4.3
11/17/2015,1.6
11/16/2015,0.1
11/15/2015,1.8
11/14/2015,3.3
11/13/2015,10.8
11/12/2015,10.2
11/11/2015,2.8
11/10/2015,0.9
11/9/2015,-2.1
11/8/2015,2.6
11/7/2015,2.8
11/6/2015,2.4
11/5/2015,-0.7
11/4/2015,0.6
11/3/2015,-4.2
11/2/2015,0.4
11/1/2015,8
10/31/2015,9
10/30/2015,8.5
10/29/2015,17.5
10/28/2015,8.4
10/27/2015,2.6
10/26/2015,1
10/25/2015,-1.3
10/24/2015,0.4
10/23/2015,1.5
10/22/2015,12
10/21/2015,2.8
10/20/2015,1.3
10/19/2015,2.6
10/18/2015,8.3
10/17/2015,12.3
10/16/2015,4.7
10/15/2015,2.7
10/14/2015,10.1
10/13/2015,9.4
10/12/2015,11.1
10/11/2015,17.8
10/10/2015,17.9
10/9/2015,20.5
10/8/2015,12.8
10/7/2015,7.5
10/6/2015,5.5
10/5/2015,18
10/4/2015,16.5
10/3/2015,16.8
10/2/2015,11.1
10/1/2015,9
9/30/2015,3.4
9/29/2015,0.5
9/28/2015,6.4
9/27/2015,8
9/26/2015,6.4
9/25/2015,8.7
9/24/2015,6.3
9/23/2015,10.6
9/22/2015,13.5
9/21/2015,16.2
9/20/2015,15
9/19/2015,17.3
9/18/2015,17.7
9/17/2015,10.4
9/16/2015,8.1
9/15/2015,8.5
9/14/2015,10.8
9/13/2015,16.3
9/12/2015,23.3
9/11/2015,15.3
9/10/2015,14.1
9/9/2015,14.6
9/8/2015,12.8
9/7/2015,11.2
9/6/2015,9.3
9/5/2015,15
9/4/2015,13.6
9/3/2015,15.8
9/2/2015,19.2
9/1/2015,18.3
8/31/2015,17.2
8/30/2015,16.2
8/29/2015,13.7
8/28/2015,16.1
8/27/2015,14.8
8/26/2015,19.6
8/25/2015,16.6
8/23/2015,14.6
8/22/2015,24.4
8/21/2015,25.5
8/20/2015,23.9
8/19/2015,24.2
8/18/2015,21.2
8/17/2015,18
8/16/2015,14.1
8/15/2015,11.2
8/14/2015,16.1
8/13/2015,22.6
8/12/2015,21.2
8/11/2015,21.8
8/10/2015,18.6
8/9/2015,21.7
8/8/2015,27.9
8/7/2015,24.2
8/6/2015,27.7
8/5/2015,24.2
8/4/2015,24
8/3/2015,24.6
8/2/2015,22.8
8/1/2015,24.3
7/31/2015,20.2
7/30/2015,22.9
7/29/2015,21.2
7/28/2015,24.5
7/27/2015,22.6
7/26/2015,22
7/25/2015,25.4
7/24/2015,25.2
7/23/2015,23.8
7/22/2015,26
7/21/2015,27
7/20/2015,24.5
7/19/2015,26
7/18/2015,27.5
7/17/2015,25.4
7/16/2015,28
7/15/2015,24.7
7/14/2015,26
7/13/2015,22
7/12/2015,16.3
7/11/2015,16.8
7/10/2015,22.3
7/9/2015,21.9
7/8/2015,20.4
7/7/2015,16.6
7/6/2015,13.3
7/5/2015,22.6
7/4/2015,26.3
7/3/2015,26.3
7/2/2015,26.4
7/1/2015,22.3
6/30/2015,21.9
6/29/2015,20.6
6/28/2015,18.4
6/27/2015,19.3
6/26/2015,18
6/25/2015,22
6/24/2015,21.9
6/23/2015,21.3
6/22/2015,21
6/21/2015,21.3
6/20/2015,19.4
6/19/2015,15.9
6/18/2015,16.8
6/17/2015,13.6
6/16/2015,12.6
6/15/2015,16.5
6/14/2015,22
6/13/2015,23.2
6/12/2015,16.8
6/11/2015,12.7
6/10/2015,14.6
6/9/2015,20
6/8/2015,20.2
6/7/2015,23.4
6/6/2015,23.2
6/5/2015,21.3
6/4/2015,18
6/3/2015,14.5
6/2/2015,14
6/1/2015,16.3
5/31/2015,16.4
5/30/2015,16.1
5/29/2015,16.4
5/28/2015,13
5/27/2015,14.5
5/26/2015,17.4
5/25/2015,14.2
5/24/2015,14.4
5/23/2015,13.8
5/22/2015,15.2
5/21/2015,17.2
5/20/2015,14.5
5/19/2015,16
5/18/2015,13
5/17/2015,13.5
5/16/2015,18.1
5/15/2015,20.3
5/14/2015,16.6
5/13/2015,15.7
5/12/2015,18.7
5/11/2015,17
5/10/2015,12.4
5/9/2015,20.6
5/8/2015,19.8
5/7/2015,19.5
5/6/2015,20
5/5/2015,13.7
5/4/2015,12.8
5/3/2015,11.4
5/2/2015,14.5
5/1/2015,11.8
4/30/2015,10.1
4/29/2015,10.6
4/28/2015,11.1
4/27/2015,8.8
4/26/2015,17.3
4/25/2015,19.2
4/24/2015,16.4
4/23/2015,16.2
4/22/2015,11.8
4/21/2015,12.8
4/20/2015,13.9
4/19/2015,10.6
4/18/2015,8.9
4/17/2015,7.3
4/16/2015,9.8
4/15/2015,16.8
4/14/2015,17.5
4/13/2015,20.1
4/12/2015,16.2
4/11/2015,12.6
4/10/2015,9.6
4/9/2015,6.4
4/8/2015,9.8
4/7/2015,8.7
4/6/2015,7.3
4/5/2015,8.6
4/4/2015,3.4
4/3/2015,-1.6
4/2/2015,-2.2
4/1/2015,-6.4
3/31/2015,-9.8
3/30/2015,-6.7
3/29/2015,7.2
3/28/2015,5.9
3/27/2015,5.4
3/26/2015,8.9
3/25/2015,5.3
3/24/2015,12.2
3/23/2015,9.2
3/22/2015,4.3
3/21/2015,5.7
3/20/2015,6.1
3/19/2015,1.5
3/18/2015,2
3/17/2015,-0.9
3/16/2015,0.3
3/15/2015,1.3
3/14/2015,-1.1
3/13/2015,-4.9
3/12/2015,-0.9
3/11/2015,-1.5
3/10/2015,2.5
3/9/2015,0.3
3/8/2015,2.1
3/7/2015,3.2
3/6/2015,2.8
3/5/2015,2.1
3/4/2015,1.5
3/3/2015,-2.1
3/2/2015,-2
3/1/2015,-2.4
2/28/2015,-2.4
2/27/2015,-2.1
2/26/2015,-0.2
2/25/2015,0.7
2/24/2015,2.3
2/23/2015,2
2/22/2015,3.3
2/21/2015,-0.7
2/20/2015,-2.5
2/19/2015,0.8
2/18/2015,-1.1
2/17/2015,0.7
2/16/2015,1.7
2/15/2015,5
2/14/2015,-3.3
2/13/2015,2.7
2/12/2015,4.9
2/11/2015,4.9
2/10/2015,2.3
2/9/2015,-3.1
2/8/2015,1.3
2/7/2015,-2.2
2/6/2015,-7.2
2/5/2015,-7.3
2/4/2015,-7.1
2/3/2015,-7.2
2/2/2015,-5.5
2/1/2015,-6
1/31/2015,-9.3
1/30/2015,-11.7
1/29/2015,-16.3
1/28/2015,-16.1
1/27/2015,-15.7
1/26/2015,-13.1
1/25/2015,-10.3
1/24/2015,-3
1/23/2015,-1.1
1/22/2015,-5.8
1/21/2015,-0.9
1/20/2015,-2.3
1/19/2015,-2
1/18/2015,5.1
1/17/2015,-6.7
1/16/2015,-5.2
1/15/2015,1.5
1/14/2015,-3.3
1/13/2015,-0.7
1/12/2015,1.8
1/11/2015,-3.5
1/10/2015,0.8
1/9/2015,2.2
1/8/2015,-2.9
1/7/2015,-0.1
1/6/2015,3.1
1/5/2015,-5.5
1/4/2015,-5.5
1/3/2015,-1.5
1/2/2015,3.9
1/1/2015,-3.1
12/31/2014,-0.3
12/30/2014,-3.3
12/29/2014,-4.9
12/28/2014,-2.8
12/27/2014,-2.1
12/26/2014,1.1
12/25/2014,0.8
12/24/2014,-3.6
12/23/2014,-4.3
12/22/2014,-1.7
12/21/2014,-0.5
12/20/2014,-1
12/19/2014,-3.1
12/18/2014,-6.4
12/17/2014,-5.5
12/16/2014,-10.7
12/15/2014,-11.9
12/14/2014,-10.8
12/13/2014,-4.9
12/12/2014,-11.1
12/11/2014,-11.3
12/10/2014,-11.7
12/9/2014,-12.2
12/8/2014,-9.8
12/7/2014,0.7
12/6/2014,-7.9
12/5/2014,-4.2
12/4/2014,-0.5
12/3/2014,-2.7
12/2/2014,-5.5
12/1/2014,-2.3
11/30/2014,-9.5
11/29/2014,-11.3
11/28/2014,-6.1
11/27/2014,-8.7
11/26/2014,-9.5
11/25/2014,3.1
11/24/2014,1.2
11/23/2014,-1.5
11/22/2014,0.2
11/21/2014,2.8
11/20/2014,-0.4
11/19/2014,-3.5
11/18/2014,3.6
11/17/2014,2.7
11/16/2014,0
11/15/2014,2.1
11/14/2014,-0.9
11/13/2014,0
11/12/2014,-1
11/11/2014,-1.7
11/10/2014,-0.4
11/9/2014,0.7
11/8/2014,1.9
11/7/2014,3.9
11/6/2014,8.4
11/5/2014,6.1
11/4/2014,11.3
11/3/2014,5.6
11/2/2014,2.8
11/1/2014,0.8
10/31/2014,-2.5
10/30/2014,-3.9
10/29/2014,-3.1
10/28/2014,-4.6
10/27/2014,0.9
10/26/2014,8.7
10/25/2014,7.1
10/24/2014,12.6
10/23/2014,10.2
10/22/2014,5.5
10/21/2014,13.3
10/20/2014,15.6
10/19/2014,11.4
10/18/2014,8.8
10/17/2014,8.9
10/16/2014,8.7
10/15/2014,7.3
10/14/2014,6.1
10/13/2014,7.9
10/12/2014,4
10/11/2014,0.6
10/10/2014,-0.8
10/9/2014,4.1
10/8/2014,10
10/7/2014,12.4
10/6/2014,8.3
10/5/2014,4.8
10/4/2014,11.3
10/3/2014,11.1
10/2/2014,11.7
10/1/2014,15.6
9/30/2014,10.2
9/29/2014,12.6
9/28/2014,13.7
9/27/2014,20.5
9/26/2014,14.4
9/25/2014,18
9/24/2014,14.2
9/23/2014,14.2
9/22/2014,9
9/21/2014,7.9
9/20/2014,5.7
9/19/2014,16.3
9/18/2014,17.2
9/17/2014,13.9
9/16/2014,14.2
9/15/2014,11.8
9/14/2014,8.4
9/13/2014,7.6
9/12/2014,6.8
9/11/2014,11.3
9/10/2014,15.6
9/9/2014,19
9/8/2014,13.8
9/7/2014,17
9/6/2014,15.4
9/5/2014,13.7
9/4/2014,16.4
9/3/2014,19.7
9/2/2014,21.5
9/1/2014,20.3
8/31/2014,17.1
8/30/2014,15.8
8/29/2014,16.1
8/28/2014,15.9
8/27/2014,17.3
8/26/2014,28.1
8/25/2014,26.7
8/24/2014,24.9
8/23/2014,22.4
8/22/2014,22.2
8/21/2014,21.5
8/20/2014,16.3
8/19/2014,18.6
8/18/2014,17
8/17/2014,17
8/16/2014,18.2
8/15/2014,22.7
8/14/2014,23.5
8/13/2014,24.7
8/12/2014,20.6
8/11/2014,19.6
8/10/2014,17
8/9/2014,20.5
8/8/2014,19.5
8/7/2014,19.3
8/6/2014,20.4
8/5/2014,19.8
8/4/2014,21
8/3/2014,18.1
8/2/2014,14.9
8/1/2014,15.5
7/31/2014,17.6
7/30/2014,14.4
7/29/2014,16.2
7/28/2014,25
7/27/2014,21.8
7/26/2014,21.2
7/25/2014,20.2
7/24/2014,23.6
7/23/2014,22.5
7/22/2014,21.6
7/21/2014,24.9
7/20/2014,24.2
7/19/2014,20.5
7/18/2014,18.4
7/17/2014,18.3
7/16/2014,18.2
7/15/2014,22.5
7/14/2014,22
7/13/2014,25.6
7/12/2014,28.2
7/11/2014,26.8
7/10/2014,20.5
7/9/2014,20
7/8/2014,19.8
7/7/2014,19.5
7/6/2014,18.2
7/5/2014,19.3
7/4/2014,22
7/3/2014,18.5
7/2/2014,24.4
7/1/2014,24.3
6/30/2014,26
6/29/2014,26.2
6/28/2014,24.5
6/27/2014,24
6/26/2014,23.8
6/25/2014,19.2
6/24/2014,21.6
6/23/2014,22.2
6/22/2014,21.8
6/21/2014,20.2
6/20/2014,18.9
6/19/2014,23.6
6/18/2014,21.2
6/17/2014,17
6/16/2014,17.2
6/15/2014,27.5
6/14/2014,23.6
6/13/2014,22.3
6/12/2014,20.7
6/11/2014,16.1
6/10/2014,14.6
6/9/2014,14.7
6/8/2014,19.3
6/7/2014,17
6/6/2014,13
6/5/2014,11.2
6/4/2014,12
6/3/2014,11.2
6/2/2014,12
6/1/2014,6.9
5/31/2014,6.1
5/30/2014,18.7
5/29/2014,21.8
5/28/2014,23.2
5/27/2014,22.1
5/26/2014,20.4
5/25/2014,18
5/24/2014,12.1
5/23/2014,11.6
5/22/2014,6.5
5/21/2014,9.9
5/20/2014,23.1
5/19/2014,15.7
5/18/2014,15.3
5/17/2014,11.6
5/16/2014,11.2
5/15/2014,17.2
5/14/2014,11.5
5/13/2014,7.6
5/12/2014,5.5
5/11/2014,10.5
5/10/2014,13.2
5/9/2014,12.7
5/8/2014,13.2
5/7/2014,17.5
5/6/2014,21.1
5/5/2014,18.8
5/4/2014,17.5
5/3/2014,17.2
5/2/2014,15.2
5/1/2014,8.7
4/30/2014,3.4
4/29/2014,5.6
4/28/2014,10.2
4/27/2014,6.4
4/26/2014,11.3
4/25/2014,9.4
4/24/2014,1.4
4/23/2014,-0.5
4/22/2014,15.1
4/21/2014,11.2
4/20/2014,12.6
4/19/2014,8
4/18/2014,5.6
4/17/2014,2.3
4/16/2014,3.8
4/15/2014,-2.7
4/14/2014,-0.5
4/13/2014,7.2
4/12/2014,7.3
4/11/2014,13.8
4/10/2014,8.7
4/9/2014,3
4/8/2014,2.4
4/7/2014,5.4
4/6/2014,7.4
4/5/2014,7.6
4/4/2014,6.9
4/3/2014,7.3
4/2/2014,15
4/1/2014,11.7
3/31/2014,13.3
3/30/2014,9
3/29/2014,4.7
3/28/2014,6.7
3/27/2014,3.4
3/26/2014,1.8
3/25/2014,4.7
3/24/2014,8.9
3/23/2014,6.8
3/22/2014,3.2
3/21/2014,2.7
3/20/2014,8.4
3/19/2014,7.9
3/18/2014,8.9
3/17/2014,0.9
3/16/2014,0.9
3/15/2014,2.7
3/14/2014,4.7
3/13/2014,-3.7
3/12/2014,-4.9
3/11/2014,-6.1
3/10/2014,-4.7
3/9/2014,-0.7
3/8/2014,3.2
3/7/2014,-1.9
3/6/2014,-4.9
3/5/2014,-7.4
3/4/2014,-9.4
3/3/2014,-9
3/2/2014,-8.1
3/1/2014,-8.3
2/28/2014,-8
2/27/2014,-14
2/26/2014,-13.7
2/25/2014,-16
2/24/2014,-4.6
2/23/2014,2.1
2/22/2014,-3.9
2/21/2014,-2.1
2/20/2014,-1.1
2/19/2014,4.4
2/18/2014,-7.1
2/17/2014,-12.9
2/16/2014,-7.7
2/15/2014,-10.4
2/14/2014,-11.9
2/13/2014,-14.8
2/12/2014,-17.6
2/11/2014,-16.3
2/10/2014,-14.5
2/9/2014,-7.8
2/8/2014,-11
2/7/2014,-15.2
2/6/2014,-19
2/5/2014,-17.3
2/4/2014,-12.3
2/3/2014,-15.2
2/2/2014,-17.5
2/1/2014,-15.6
1/31/2014,-1.3
1/30/2014,4.3
1/29/2014,2
1/28/2014,-1.3
1/27/2014,-1
1/26/2014,-1
1/25/2014,3.5
1/24/2014,-7.8
1/23/2014,-8
1/22/2014,-3.8
1/21/2014,2.8
1/20/2014,-3.5
1/19/2014,-3.3
1/18/2014,-8.9
1/17/2014,-5.1
1/16/2014,-0.7
1/15/2014,-5
1/14/2014,-1.1
1/13/2014,-5.2
1/12/2014,-3.5
1/11/2014,-9.9
1/10/2014,-9
1/9/2014,-4.3
1/8/2014,-15.7
1/7/2014,-16.9
1/6/2014,-14.8
1/5/2014,-4.1
1/4/2014,1.1
1/3/2014,-7.5
1/2/2014,-10.6
1/1/2014,-9.5
12/31/2013,-10.4
12/30/2013,-10.7
12/29/2013,-9.4
12/28/2013,-8
12/27/2013,-4.3
12/26/2013,-8.6
12/25/2013,-5.1
12/24/2013,-6.7
12/23/2013,-10.3
12/22/2013,-3.9
12/21/2013,-1.9
12/20/2013,-6.9
12/19/2013,-9.3
12/18/2013,-5.8
12/17/2013,-3.3
12/16/2013,7.6
12/15/2013,0.9
12/14/2013,-0.7
12/13/2013,-0.2
12/12/2013,4.1
12/11/2013,-0.2
12/10/2013,2.7
12/9/2013,-1.2
12/8/2013,3.8
12/7/2013,-5.8
12/6/2013,-6.1
12/5/2013,2.6
12/4/2013,-1.6
12/3/2013,0.5
12/2/2013,2.7
12/1/2013,4.1
11/30/2013,8.8
11/29/2013,4.1
11/28/2013,1.3
11/27/2013,0.3
11/26/2013,-1.3
11/25/2013,-3
11/24/2013,-4.4
11/23/2013,-6.1
11/22/2013,-7.2
11/21/2013,-2.3
11/20/2013,6.2
11/19/2013,7.2
11/18/2013,5.2
11/17/2013,3.8
11/16/2013,-0.7
11/15/2013,-0.2
11/14/2013,-0.1
11/13/2013,0.8
11/12/2013,2.4
11/11/2013,-2.3
11/10/2013,-4.6
11/9/2013,-2.2
11/8/2013,1.8
11/7/2013,4.7
11/6/2013,2.1
11/5/2013,2
11/4/2013,3.5
11/3/2013,7.7
11/2/2013,5.1
11/1/2013,5.3
10/31/2013,5.5
10/30/2013,0.6
10/29/2013,-0.5
10/28/2013,0.7
10/27/2013,9.3
10/26/2013,9
10/25/2013,9.2
10/24/2013,10.3
10/23/2013,8.3
10/22/2013,16.1
10/21/2013,8.3
10/20/2013,10.2
10/19/2013,11
10/18/2013,8.4
10/17/2013,6.1
10/16/2013,10.9
10/15/2013,10.7
10/14/2013,8.3
10/13/2013,4.3
10/12/2013,6.3
10/11/2013,7.7
10/10/2013,9.7
10/9/2013,11.5
10/8/2013,13.4
10/7/2013,17
10/6/2013,15.6
10/5/2013,23.3
10/4/2013,14.6
10/3/2013,10.1
10/2/2013,16.3
10/1/2013,16
9/30/2013,14
9/29/2013,10.6
9/28/2013,15.6
9/27/2013,22.2
9/26/2013,21.6
9/25/2013,17.9
9/24/2013,14.7
9/23/2013,10.3
9/22/2013,8.3
9/21/2013,8.1
9/20/2013,10.1
9/19/2013,11.5
9/18/2013,9.9
9/17/2013,11.9
9/16/2013,9.2
9/15/2013,16.2
9/14/2013,17.6
9/13/2013,18
9/12/2013,19.2
9/11/2013,18.4
9/10/2013,25.2
9/9/2013,21.2
9/8/2013,18.8
9/7/2013,20.8
9/6/2013,23
9/5/2013,23.6
9/4/2013,21.2
9/3/2013,15.7
9/2/2013,13.6
9/1/2013,10.7
8/31/2013,9
8/30/2013,14.7
8/29/2013,23.7
8/28/2013,22
8/27/2013,17.4
8/26/2013,19.2
8/25/2013,21.5
8/24/2013,24.4
8/23/2013,23.1
8/22/2013,22
8/21/2013,18.5
8/20/2013,19.7
8/19/2013,14.6
8/18/2013,12.5
8/17/2013,15.6
8/16/2013,15.9
8/15/2013,15.4
8/14/2013,19.7
8/13/2013,19.3
8/12/2013,19.5
8/11/2013,16
8/10/2013,17.8
8/9/2013,18.6
8/8/2013,21.8
8/7/2013,26.4
8/6/2013,24.6
8/5/2013,23.6
8/4/2013,22.8
8/3/2013,23.4
8/2/2013,28.6
8/1/2013,21.5
7/31/2013,20.4
7/30/2013,21.2
7/29/2013,25.5
7/28/2013,28.9
7/27/2013,22
7/26/2013,21.2
7/25/2013,19.9
7/24/2013,19
7/23/2013,21.5
7/22/2013,21.9
7/21/2013,27
7/20/2013,22.8
7/19/2013,22.2
7/18/2013,21.5
7/17/2013,19.8
7/16/2013,19.8
7/15/2013,20
7/14/2013,24.8
7/13/2013,22.4
7/12/2013,26.4
7/11/2013,25.4
7/10/2013,21.3
7/9/2013,19.8
7/8/2013,18.6
7/7/2013,17.4
7/6/2013,20.8
7/5/2013,16.5
7/4/2013,19
7/3/2013,24.8
7/2/2013,20.3
7/1/2013,18.6
6/30/2013,15.7
6/29/2013,18.5
6/28/2013,18.8
6/27/2013,21.2
6/26/2013,26.4
6/25/2013,22.4
6/24/2013,18.6
6/23/2013,17.2
6/22/2013,17.5
6/21/2013,15.8
6/20/2013,13
6/19/2013,12.8
6/18/2013,9
6/17/2013,14.5
6/16/2013,17.4
6/15/2013,17.2
6/14/2013,17.6
6/13/2013,17.5
6/12/2013,18.4
6/11/2013,21.6
6/10/2013,26.8
6/9/2013,17
6/8/2013,13
6/7/2013,13.3
6/6/2013,18.3
6/5/2013,19.6
6/4/2013,19.4
6/3/2013,18.6
6/2/2013,25
6/1/2013,16.3
5/31/2013,16
5/30/2013,18.9
5/29/2013,15
5/28/2013,13.6
5/27/2013,11
5/26/2013,13.2
5/25/2013,11.7
5/24/2013,16.4
5/23/2013,13.1
5/22/2013,7.7
5/21/2013,15.2
5/20/2013,15
5/19/2013,18.1
5/18/2013,14.6
5/17/2013,15.6
5/16/2013,13.2
5/15/2013,10.3
5/14/2013,11.1
5/13/2013,17
5/12/2013,12.6
5/11/2013,14
5/10/2013,13.3
5/9/2013,19.5
5/8/2013,13.4
5/7/2013,9.3
5/6/2013,11.3
5/5/2013,5.7
5/4/2013,15.3
5/3/2013,14.3
5/2/2013,11.9
5/1/2013,14.2
4/30/2013,10.8
4/29/2013,7.3
4/28/2013,10
4/27/2013,9.3
4/26/2013,8.8
4/25/2013,10.6
4/24/2013,16.5
4/23/2013,14.6
4/22/2013,9.2
4/21/2013,8.7
4/20/2013,3.1
4/19/2013,1
4/18/2013,2.9
4/17/2013,4.7
4/16/2013,9
4/15/2013,13.4
4/14/2013,17.9
4/13/2013,18
4/12/2013,14.6
4/11/2013,12.9
4/10/2013,12.6
4/9/2013,10.8
4/8/2013,8.8
4/7/2013,6.3
4/6/2013,8.6
4/5/2013,6.1
4/4/2013,2.9
4/3/2013,4.1
4/2/2013,0
4/1/2013,9.2
3/31/2013,13.7
3/30/2013,15.2
3/29/2013,9.8
3/28/2013,7.3
3/27/2013,7.3
3/25/2013,9.8
3/24/2013,8.3
3/23/2013,5.1
3/22/2013,9.2
3/21/2013,7.7
3/20/2013,9.4
3/19/2013,8.1
3/18/2013,6.7
3/17/2013,4.9
3/16/2013,8.8
3/15/2013,5.1
3/14/2013,8.6
3/13/2013,6.1
3/12/2013,3.3
3/11/2013,0.6
3/10/2013,-0.9
3/9/2013,-5.4
3/8/2013,-5.6
3/7/2013,9
3/6/2013,7.5
3/5/2013,4
3/4/2013,4.5
3/3/2013,4.3
3/2/2013,3.5
3/1/2013,0.4
2/28/2013,-0.1
2/27/2013,-1.1
2/26/2013,-0.6
2/25/2013,-0.1
2/24/2013,-0.5
2/23/2013,-0.7
2/22/2013,2.7
2/21/2013,-2.1
2/21/2013,-2.1
2/20/2013,-5.3
2/20/2013,-5.3
2/19/2013,-8.8
2/19/2013,-8.8
2/18/2013,-14.7
2/18/2013,-14.7
2/17/2013,-12.7
2/17/2013,-12.7
2/16/2013,-11.1
2/16/2013,-11.1
2/15/2013,-6.2
2/15/2013,-6.2
2/14/2013,-10.5
2/14/2013,-10.5
2/13/2013,-10.5
2/13/2013,-10.5
2/12/2013,-13.9
2/12/2013,-13.9
2/11/2013,-13.7
2/11/2013,-13.7
2/10/2013,-11.5
2/10/2013,-11.5
2/9/2013,-7.4
2/9/2013,-7.4
2/8/2013,-6
2/8/2013,-6
2/7/2013,-5.3
2/7/2013,-5.3
2/6/2013,-3
2/6/2013,-3
2/5/2013,0.2
2/5/2013,0.2
2/4/2013,0.1
2/4/2013,0.1
2/3/2013,4.1
2/3/2013,4.1
2/2/2013,-3.7
2/2/2013,-3.7
2/1/2013,-3.3
2/1/2013,-3.3
1/31/2013,-6.3
1/31/2013,-6.3
1/30/2013,-6.3
1/30/2013,-6.3
1/29/2013,-0.8
1/29/2013,-0.8
1/28/2013,3.9
1/28/2013,3.9
1/27/2013,-0.3
1/27/2013,-0.3
1/26/2013,2.3
1/26/2013,2.3
1/25/2013,-2.3
1/25/2013,-2.3
1/24/2013,-4.2
1/24/2013,-4.2
1/23/2013,0.5
1/23/2013,0.5
1/22/2013,-2.5
1/22/2013,-2.5
1/21/2013,-1
1/21/2013,-1
1/20/2013,-5.1
1/20/2013,-5.1
1/19/2013,-10.1
1/19/2013,-10.1
1/18/2013,-9.6
1/18/2013,-9.6
1/17/2013,-5.3
1/17/2013,-5.3
1/16/2013,-1.3
1/16/2013,-1.3
1/15/2013,-7.3
1/15/2013,-7.3
1/14/2013,-8.9
1/14/2013,-8.9
1/13/2013,-3.7
1/13/2013,-3.7
1/12/2013,-1.3
1/12/2013,-1.3
1/11/2013,-3.9
1/10/2013,-6.1
1/9/2013,-2.3
1/8/2013,-1.1
1/7/2013,-11
1/6/2013,-14
1/5/2013,-8.3
1/4/2013,-5
1/3/2013,-8.7
1/2/2013,-1.8
1/1/2013,-1.3
12/31/2012,-10.7
12/30/2012,-14.9
12/29/2012,-16.9
12/28/2012,-17
12/27/2012,-16.1
12/26/2012,-6.9
12/25/2012,-3.3
12/24/2012,0.4
12/23/2012,0.1
12/22/2012,-15.7
12/21/2012,-20.6
12/20/2012,-22.8
12/19/2012,-17.8
12/18/2012,-16.7
12/17/2012,-18
12/15/2012,-17.2
12/14/2012,-14.8
12/13/2012,-11.3
12/12/2012,-2.5
12/11/2012,-2.3
12/10/2012,-0.9
12/9/2012,4.2
12/8/2012,-3.3
12/7/2012,-1.9
12/6/2012,-4.9
12/5/2012,-1.9
12/4/2012,-6.6
12/3/2012,-0.3
12/2/2012,-7.9
12/1/2012,2.6
11/30/2012,-3.6
11/29/2012,2.8
11/28/2012,-3.7
11/27/2012,-5.5
11/26/2012,-1.9
11/25/2012,-8.1
11/24/2012,-7.3
11/23/2012,-5.6
11/22/2012,-8.5
11/21/2012,-6.1
11/20/2012,-2.2
11/19/2012,1.7
11/18/2012,4.5
11/17/2012,-0.9
11/16/2012,12.3
11/15/2012,-3.5
11/14/2012,-3
11/13/2012,-0.6
11/12/2012,7.4
11/11/2012,6.1
11/10/2012,4.5
11/9/2012,-3.9
11/8/2012,0.8
11/7/2012,5.1
11/6/2012,-0.5
11/5/2012,0.6
11/4/2012,10.9
11/3/2012,7.7
11/2/2012,1.4
11/1/2012,12.4
10/31/2012,12.6
10/30/2012,6.4
10/29/2012,6.5
10/28/2012,8
10/27/2012,11.4
10/26/2012,5.1
10/25/2012,8.8
10/24/2012,9.2
10/23/2012,8.9
10/22/2012,4.1
10/21/2012,2.5
10/20/2012,0.3
10/19/2012,2.5
10/18/2012,8.3
10/17/2012,10.6
10/16/2012,12.2
10/15/2012,8
10/14/2012,9.4
10/13/2012,10
10/12/2012,8.1
10/11/2012,9.6
10/10/2012,10.6
10/9/2012,7.2
10/8/2012,5.3
10/7/2012,4.5
10/6/2012,9.2
10/5/2012,10.6
10/4/2012,11.7
10/3/2012,11.7
10/2/2012,7.3
10/1/2012,10.3
9/30/2012,16.4
9/29/2012,16.2
9/28/2012,14.8
9/27/2012,15.6
9/26/2012,10.5
9/25/2012,10.1
9/24/2012,7.3
9/23/2012,7.6
9/22/2012,9
9/21/2012,14.2
9/20/2012,16
9/19/2012,18.4
9/18/2012,17.1
9/17/2012,11.8
9/16/2012,13.1
9/15/2012,16.3
9/14/2012,16.2
9/13/2012,20.4
9/12/2012,22.9
9/11/2012,18.8
9/10/2012,16.1
9/9/2012,14.6
9/8/2012,18.3
9/7/2012,15.3
9/6/2012,14.4
9/5/2012,15
9/4/2012,17.5
9/3/2012,25.2
9/2/2012,20.1
9/1/2012,17.5
8/31/2012,12.9
8/30/2012,13.4
8/29/2012,16
8/28/2012,20.1
8/27/2012,18.1
8/26/2012,18.9
8/25/2012,20
8/24/2012,24.3
8/23/2012,26.6
8/22/2012,25.2
8/21/2012,22
8/20/2012,22.5
8/19/2012,21.8
8/18/2012,20.4
8/17/2012,21.6
8/16/2012,25.2
8/15/2012,24.6
8/14/2012,25.5
8/13/2012,22.2
8/12/2012,17.3
8/11/2012,18.6
8/10/2012,22.2
8/9/2012,23.2
8/8/2012,23.2
8/7/2012,23.3
8/6/2012,22
8/5/2012,18.6
8/4/2012,19.2
8/3/2012,22.4
8/2/2012,20
8/1/2012,26.4
7/31/2012,22.7
7/30/2012,22
7/29/2012,20
7/28/2012,19.6
7/27/2012,19.3
7/26/2012,21.4
7/25/2012,22.4
7/24/2012,23.2
7/23/2012,25.8
7/22/2012,26.1
7/21/2012,24.7
7/20/2012,23
7/19/2012,22.5
7/18/2012,23.4
7/17/2012,22
7/16/2012,21.2
7/15/2012,18.3
7/14/2012,17
7/13/2012,15.7
7/12/2012,15.1
7/11/2012,23
7/10/2012,22.1
7/9/2012,25.4
7/8/2012,19.8
7/7/2012,20.4
7/6/2012,19.6
7/5/2012,21.2
7/4/2012,20
7/3/2012,19.6
7/2/2012,19.8
7/1/2012,24.8
6/30/2012,20
6/29/2012,20.3
6/28/2012,21.4
6/27/2012,21
6/26/2012,19.5
6/25/2012,21.5
6/24/2012,21.2
6/23/2012,21
6/22/2012,19.9
6/21/2012,20.2
6/20/2012,22.4
6/19/2012,21.7
6/18/2012,18.4
6/17/2012,16.2
6/16/2012,20.3
6/15/2012,21.2
6/14/2012,17.5
6/13/2012,16.4
6/12/2012,16.3
6/11/2012,17
6/10/2012,18.9
6/9/2012,16.8
6/8/2012,15.8
6/7/2012,18.2
6/6/2012,18.8
6/5/2012,20.1
6/4/2012,17.4
6/3/2012,20.9
6/2/2012,18.7
6/1/2012,19.8
5/31/2012,19.1
5/30/2012,17.6
5/29/2012,20.8
5/28/2012,13.3
5/27/2012,13.5
5/26/2012,18.7
5/25/2012,17.6
5/24/2012,17.8
5/23/2012,17.3
5/22/2012,13.8
5/21/2012,8.5
5/20/2012,11.8
5/19/2012,15.3
5/18/2012,18.6
5/17/2012,15.6
5/16/2012,17.6
5/15/2012,17.9
5/14/2012,17.5
5/13/2012,16.3
5/12/2012,16.2
5/11/2012,8.1
5/10/2012,8.3
5/9/2012,10.8
5/8/2012,11
5/7/2012,13
5/6/2012,19
5/5/2012,11.3
5/4/2012,12.4
5/3/2012,12.9
5/2/2012,13.8
5/1/2012,11.8
4/30/2012,10.9
4/29/2012,16.6
4/28/2012,16.6
4/27/2012,15.2
4/26/2012,15.3
4/25/2012,13.7
4/24/2012,7.3
4/23/2012,4.7
4/22/2012,14.3
4/21/2012,20.8
4/20/2012,17
4/19/2012,10.6
4/18/2012,11.6
4/17/2012,14.9
4/16/2012,15
4/15/2012,10.6
4/14/2012,14.6
4/13/2012,12.6
4/12/2012,11.3
4/11/2012,11.5
4/10/2012,6.9
4/9/2012,10
4/8/2012,11.7
4/7/2012,11.6
4/6/2012,13
4/5/2012,12.2
4/4/2012,9.4
4/3/2012,10.8
4/2/2012,11.3
4/1/2012,10.6
3/31/2012,9.7
3/30/2012,10
3/29/2012,6.7
3/28/2012,3.6
3/27/2012,4
3/26/2012,5.8
3/25/2012,8.7
3/24/2012,5.8
3/23/2012,3.5
3/22/2012,-0.6
3/21/2012,-4.2
3/20/2012,-3.7
3/19/2012,-3.8
3/18/2012,1.3
3/17/2012,5.3
3/16/2012,1.7
3/15/2012,1.8
3/14/2012,-0.5
3/13/2012,-2.5
3/12/2012,-2.2
3/11/2012,-1.7
3/10/2012,-0.7
3/9/2012,-1.5
3/8/2012,0.6
3/7/2012,-0.3
3/6/2012,-0.7
3/5/2012,1
3/4/2012,-4.2
3/3/2012,-7.9
3/2/2012,-6.5
3/1/2012,-3.8
2/29/2012,-2.4
2/28/2012,1.3
2/27/2012,-2.7
2/26/2012,-10.7
2/25/2012,-11.7
2/24/2012,-10.5
2/23/2012,-9.5
2/22/2012,-6.3
2/21/2012,2.5
2/20/2012,-0.2
2/19/2012,-3.6
2/18/2012,-6.7
2/17/2012,-10.8
2/16/2012,-11.3
2/15/2012,-10.9
2/14/2012,-11.8
2/13/2012,-9.4
2/12/2012,-5.5
2/11/2012,-4.5
2/10/2012,-8.2
2/9/2012,-14.6
2/8/2012,-15.4
2/7/2012,-15.3
2/6/2012,-15.7
2/5/2012,-14.2
2/4/2012,-9.7
2/3/2012,-7.9
2/2/2012,-8.8
2/1/2012,-9.9
1/31/2012,-1.7
1/30/2012,-8.9
1/29/2012,-15.3
1/28/2012,-12.1
1/27/2012,-12.8
1/26/2012,-10.2
1/25/2012,-8.3
1/24/2012,-12.7
1/23/2012,-18.3
1/22/2012,-22.3
1/21/2012,-22
1/20/2012,-20.6
1/19/2012,-18.9
1/18/2012,-14.3
1/17/2012,-4.6
1/16/2012,-1.1
1/15/2012,-4
1/14/2012,-2.3
1/13/2012,-4.7
1/12/2012,-2.6
1/11/2012,-6.3
1/10/2012,-9.5
1/9/2012,-9.1
1/8/2012,-7.7
1/7/2012,-6.7
1/6/2012,-5.3
1/5/2012,-5.1
1/4/2012,0.1
1/3/2012,2
1/2/2012,-9.3
1/1/2012,-8.6
12/31/2011,-4.9
12/30/2011,-3.3
12/29/2011,-3.1
12/28/2011,-1.7
12/27/2011,-1.6
12/26/2011,-1.5
12/25/2011,-5.7
12/24/2011,-13.3
12/23/2011,-14.9
12/22/2011,-17.1
12/21/2011,-16.9
12/20/2011,-17.1
12/19/2011,-12.5
12/18/2011,-7.5
12/17/2011,-7.5
12/16/2011,-7.3
12/15/2011,-2.3
12/14/2011,-3.4
12/13/2011,-0.3
12/12/2011,-2.3
12/11/2011,-1.4
12/10/2011,-5.7
12/9/2011,-4.5
12/8/2011,-6
12/7/2011,-6.7
12/6/2011,-3.7
12/5/2011,-3
12/4/2011,-1.7
12/3/2011,2.1
12/2/2011,0.8
12/1/2011,-1.1
11/30/2011,-2.3
11/29/2011,-3.7
11/28/2011,-3.3
11/27/2011,1.4
11/26/2011,2.7
11/25/2011,2.7
11/24/2011,0.3
11/23/2011,-1.4
11/22/2011,5.9
11/21/2011,0.4
11/20/2011,2.7
11/19/2011,3.1
11/18/2011,0.5
11/17/2011,-5.7
11/16/2011,-4
11/15/2011,-1
11/14/2011,7.3
11/13/2011,7.1
11/12/2011,6.8
11/11/2011,-5.7
11/10/2011,-7.3
11/9/2011,-5.4
11/8/2011,8.3
11/7/2011,2.9
11/6/2011,4.9
11/5/2011,4.1
11/4/2011,-0.5
11/3/2011,2
11/2/2011,0.9
11/1/2011,1
10/31/2011,-4.2
10/30/2011,-1.1
10/29/2011,1.1
10/28/2011,4.2
10/27/2011,8.5
10/26/2011,6.3
10/25/2011,7.9
10/24/2011,9.4
10/23/2011,4.9
10/22/2011,4.3
10/21/2011,4.8
10/20/2011,5.6
10/19/2011,11.8
10/18/2011,15.8
10/17/2011,15.2
10/16/2011,15
10/15/2011,12.5
10/14/2011,9.6
10/13/2011,8.4
10/12/2011,7.3
10/11/2011,5.9
10/10/2011,4.5
10/9/2011,6.7
10/8/2011,6.5
10/7/2011,7.9
10/6/2011,6.8
10/5/2011,17.3
10/4/2011,13.4
10/3/2011,13.7
10/2/2011,12.2
10/1/2011,12.6
9/30/2011,11.4
9/29/2011,16.8
9/28/2011,17.6
9/27/2011,11.7
9/26/2011,8.1
9/25/2011,8.4
9/24/2011,14.3
9/23/2011,9.8
9/22/2011,10.1
9/21/2011,16.4
9/20/2011,18.1
9/19/2011,14
9/18/2011,10.3
9/17/2011,12.2
9/16/2011,18.6
9/15/2011,18.4
9/14/2011,15.4
9/13/2011,14.5
9/12/2011,16
9/11/2011,15.8
9/10/2011,17.6
9/9/2011,22.8
9/8/2011,20.9
9/7/2011,20.7
9/6/2011,19
9/5/2011,19.8
9/4/2011,18.6
9/3/2011,16.7
9/2/2011,16.5
9/1/2011,16.2
8/31/2011,18.3
8/30/2011,14.6
8/29/2011,13.7
8/28/2011,13.6
8/27/2011,18.1
8/26/2011,20
8/25/2011,22.2
8/24/2011,22.5
8/23/2011,19.6
8/22/2011,18
8/21/2011,18.7
8/20/2011,23.1
8/19/2011,22.7
8/18/2011,25.8
8/17/2011,23.6
8/16/2011,22
8/15/2011,20.9
8/14/2011,19
8/13/2011,14.4
8/12/2011,14.7
8/11/2011,13.4
8/10/2011,17.8
8/9/2011,19.7
8/8/2011,24.9
8/7/2011,22.6
8/6/2011,20.2
8/5/2011,26.2
8/4/2011,23
8/3/2011,28.6
8/2/2011,24.6
7/31/2011,25.1
7/30/2011,22.6
7/29/2011,22.2
7/28/2011,19.7
7/27/2011,18.6
7/26/2011,20.7
7/25/2011,25.4
7/24/2011,21.8
7/23/2011,24.8
7/22/2011,22.7
7/21/2011,19.2
7/20/2011,16.7
7/19/2011,21.9
7/18/2011,23.7
7/17/2011,21.2
7/16/2011,16.3
7/15/2011,17.4
7/14/2011,22
7/13/2011,28.9
7/12/2011,24.4
7/11/2011,20.5
7/10/2011,19
7/9/2011,17.2
7/8/2011,20.5
7/7/2011,21.5
7/6/2011,20.8
7/5/2011,20.7
7/4/2011,16.2
7/3/2011,12.6
7/2/2011,19
7/1/2011,16
6/30/2011,18.4
6/29/2011,18.6
6/28/2011,20
6/27/2011,19.6
6/26/2011,16
6/25/2011,22.2
6/24/2011,22.2
6/23/2011,19.6
6/22/2011,18.6
6/21/2011,20.3
6/20/2011,21.2
6/19/2011,22.2
6/18/2011,19.5
6/17/2011,16.4
6/16/2011,21.5
6/15/2011,22.4
6/14/2011,22.5
6/13/2011,18.7
6/12/2011,17.2
6/11/2011,19.2
6/10/2011,16.3
6/9/2011,19.2
6/8/2011,21.2
6/7/2011,20.4
6/6/2011,18.2
6/5/2011,19.2
6/4/2011,17.7
6/3/2011,15
6/2/2011,14.5
6/1/2011,16.8
5/31/2011,17
5/30/2011,18.4
5/29/2011,18.5
5/28/2011,12.2
5/27/2011,9.4
5/26/2011,19.4
5/25/2011,19.7
5/24/2011,14.4
5/23/2011,10.6
5/22/2011,15.4
5/21/2011,11
5/20/2011,16.1
5/19/2011,17
5/18/2011,18.4
5/17/2011,14.4
5/16/2011,24.6
5/15/2011,22.2
5/14/2011,15.6
5/13/2011,14.5
5/12/2011,12.3
5/11/2011,12.8
5/10/2011,7.9
5/9/2011,7.5
5/8/2011,8.5
5/7/2011,10
5/6/2011,16.6
5/5/2011,15.9
5/4/2011,15.4
5/3/2011,13.2
5/2/2011,10.9
5/1/2011,15
4/30/2011,15.6
4/29/2011,10.7
4/28/2011,8.7
4/27/2011,15.4
4/26/2011,18.5
4/25/2011,16
4/24/2011,12.6
4/23/2011,20.4
4/22/2011,10.4
4/21/2011,7.4
4/20/2011,13.2
4/19/2011,13.5
4/18/2011,10.9
4/17/2011,11.6
4/16/2011,12
4/15/2011,17.1
4/14/2011,15.4
4/13/2011,14.4
4/12/2011,13.8
4/11/2011,12.4
4/10/2011,14.8
4/9/2011,13
4/8/2011,7.6
4/7/2011,3.7
4/6/2011,-0.2
4/5/2011,-4.5
4/4/2011,-2.7
4/3/2011,9.3
4/2/2011,11.8
4/1/2011,6.1
3/31/2011,6.7
3/30/2011,7.2
3/29/2011,5.3
3/28/2011,4.7
3/27/2011,7.6
3/26/2011,6.7
3/25/2011,6.1
3/24/2011,2.7
3/23/2011,-1.5
3/22/2011,-4.9
3/21/2011,-8.3
3/20/2011,-10.6
3/19/2011,-6.7
3/18/2011,-4.7
3/17/2011,-9.3
3/16/2011,-2.9
3/15/2011,11.8
3/14/2011,-1.1
3/13/2011,-7.9
3/12/2011,-6.3
3/11/2011,7.8
3/10/2011,4.8
3/9/2011,-0.1
3/8/2011,-0.1
3/7/2011,-1.1
3/6/2011,-2.8
3/5/2011,-2.9
3/4/2011,-5.3
3/3/2011,-6.3
3/2/2011,-8.7
3/1/2011,-9.2
2/28/2011,-14.1
2/27/2011,-16.5
2/26/2011,-16.5
2/25/2011,-14.4
2/24/2011,-8.9
2/23/2011,1.7
2/22/2011,-2
2/21/2011,-6.3
2/20/2011,-3.3
2/19/2011,-1.9
2/18/2011,1.4
2/17/2011,-1.5
2/16/2011,-2.7
2/15/2011,-3.2
2/14/2011,-1.3
2/13/2011,-4
2/12/2011,-1.3
2/11/2011,-6.8
2/10/2011,-3.5
2/9/2011,-1.5
2/8/2011,-4.9
2/7/2011,-4.6
2/6/2011,-2.8
2/5/2011,3.3
2/4/2011,0.9
2/3/2011,3.5
2/2/2011,-1.5
2/1/2011,-0.5
1/31/2011,-1.3
1/30/2011,-0.9
1/29/2011,-5.5
1/28/2011,-11.6
1/27/2011,-14.5
1/26/2011,-13.2
1/25/2011,-13.6
1/24/2011,-3.5
1/23/2011,-2.6
1/22/2011,-4.3
1/21/2011,-9.3
1/20/2011,-9.5
1/19/2011,-7.7
1/18/2011,-6.1
1/17/2011,-7.3
1/16/2011,-9.4
1/15/2011,-10.5
1/14/2011,-11.9
1/13/2011,-12.1
1/12/2011,-11.4
1/11/2011,-10.6
1/10/2011,-11.1
1/9/2011,-15.1
1/8/2011,-17.4
1/7/2011,-18.1
1/6/2011,-19.2
1/5/2011,-19.6
1/4/2011,-14.4
1/3/2011,-17.5
1/2/2011,-20.2
1/1/2011,-12.1
12/31/2010,-2.9
12/30/2010,-4.5
12/29/2010,-5.9
12/28/2010,-2.9
12/27/2010,-6.3
12/26/2010,-3.1
12/25/2010,-3.2
12/24/2010,-7.7
12/23/2010,-10.5
12/22/2010,-0.1
12/21/2010,1
12/20/2010,7.3
12/19/2010,-1.4
12/18/2010,-0.9
12/17/2010,2.5
12/16/2010,1.6
12/15/2010,-4.2
12/14/2010,-5.4
12/13/2010,-7.6
12/12/2010,-6.6
12/11/2010,-4.9
12/10/2010,-4.2
12/9/2010,-4.7
12/8/2010,-0.3
12/7/2010,-10.1
12/6/2010,-13.3
12/5/2010,-15.3
12/4/2010,-9.5
12/3/2010,8.3
12/2/2010,6.9
12/1/2010,-1.5
11/30/2010,6.8
11/29/2010,4.8
11/28/2010,0.1
11/27/2010,1.1
11/26/2010,-0.3
11/25/2010,-0.1
11/24/2010,1.3
11/23/2010,-0.8
11/22/2010,-1.1
11/21/2010,-2.1
11/20/2010,-3.9
11/19/2010,4.7
11/18/2010,2.9
11/17/2010,7.7
11/16/2010,10
11/15/2010,5.7
11/14/2010,5.8
11/13/2010,4.3
11/12/2010,3.1
11/11/2010,3
11/10/2010,4.3
11/9/2010,6.8
11/8/2010,5.7
11/7/2010,2.1
11/6/2010,3.9
11/5/2010,-0.2
11/4/2010,2.7
11/3/2010,7.9
11/2/2010,8.1
11/1/2010,6.5
10/31/2010,6.1
10/30/2010,7.2
10/29/2010,7.1
10/28/2010,6.3
10/27/2010,4.1
10/26/2010,2.3
10/25/2010,0.6
10/24/2010,1.1
10/23/2010,-0.9
10/22/2010,0.7
10/21/2010,8.1
10/20/2010,12
10/19/2010,19
10/18/2010,14
10/17/2010,12.2
10/16/2010,11.1
10/15/2010,12.5
10/14/2010,11
10/13/2010,8.9
10/12/2010,7.7
10/11/2010,7.3
10/10/2010,4.7
10/9/2010,6.7
10/8/2010,8.3
10/7/2010,14
10/6/2010,19.4
10/5/2010,16.2
10/4/2010,20.9
10/3/2010,15.6
10/2/2010,15
10/1/2010,13.8
9/30/2010,10.1
9/29/2010,9.2
9/28/2010,14.2
9/27/2010,12.5
9/26/2010,18
9/25/2010,15.3
9/24/2010,16
9/23/2010,14.8
9/22/2010,14.2
9/21/2010,9.4
9/20/2010,6.6
9/19/2010,6.9
9/18/2010,10.2
9/17/2010,9.4
9/16/2010,13.1
9/15/2010,12.6
9/14/2010,9.6
9/13/2010,9.2
9/12/2010,14.3
9/11/2010,20.6
9/10/2010,18.2
9/9/2010,25.4
9/8/2010,24
9/7/2010,17.9
9/6/2010,14.9
9/5/2010,12
9/4/2010,12.2
9/3/2010,23.1
9/2/2010,26.3
9/1/2010,23.4
8/31/2010,21.2
8/30/2010,21.6
8/29/2010,19.5
8/28/2010,17.7
8/27/2010,16.8
8/26/2010,14.8
8/25/2010,15.2
8/24/2010,14.8
8/23/2010,21.8
8/22/2010,26.8
8/21/2010,24.8
8/20/2010,20.4
8/19/2010,20.8
8/18/2010,21.2
8/17/2010,19.4
8/16/2010,20.6
8/15/2010,20.6
8/14/2010,23.2
8/13/2010,19.8
8/12/2010,16.5
8/11/2010,14.2
8/10/2010,21.7
8/9/2010,24.7
8/8/2010,19.9
8/7/2010,22.4
8/6/2010,22.2
8/5/2010,20.2
8/4/2010,22.8
8/3/2010,18
8/2/2010,19.9
8/1/2010,17.8
7/31/2010,19.3
7/30/2010,15.8
7/29/2010,15.8
7/28/2010,19
7/27/2010,20.4
7/26/2010,19.8
7/25/2010,18
7/24/2010,17.1
7/23/2010,15.8
7/22/2010,16.8
7/21/2010,24.4
7/20/2010,19.8
7/19/2010,20.4
7/18/2010,22.3
7/17/2010,26.4
7/16/2010,26
7/15/2010,23.4
7/14/2010,24
7/13/2010,19.4
7/12/2010,18.7
7/11/2010,18.4
7/10/2010,22
7/9/2010,23.2
7/8/2010,22.9
7/7/2010,23
7/6/2010,22.3
7/5/2010,19.2
7/4/2010,20.8
7/3/2010,23
7/2/2010,20
7/1/2010,15.1
6/30/2010,15.4
6/29/2010,16.5
6/28/2010,22
6/27/2010,18.9
6/26/2010,15
6/25/2010,12.4
6/24/2010,16.2
6/23/2010,15.6
6/22/2010,19
6/21/2010,20.8
6/20/2010,19.8
6/19/2010,20
6/18/2010,24.7
6/17/2010,22.3
6/16/2010,22.8
6/15/2010,20.8
6/14/2010,18.9
6/13/2010,21
6/12/2010,23
6/11/2010,23.2
6/10/2010,20.5
6/9/2010,22
6/8/2010,21.6
6/7/2010,19.2
6/6/2010,17.8
6/5/2010,15.8
6/4/2010,15.8
6/3/2010,14.2
6/2/2010,15
5/31/2010,20.8
5/30/2010,17.8
5/29/2010,15.3
5/28/2010,15.9
5/27/2010,15
5/26/2010,14.4
5/25/2010,10.6
5/24/2010,7.7
5/23/2010,10.3
5/22/2010,13.4
5/21/2010,20.2
5/20/2010,18.2
5/19/2010,17.2
5/18/2010,15.2
5/17/2010,8.6
5/16/2010,7.3
5/15/2010,4.7
5/14/2010,9.9
5/13/2010,8.8
5/12/2010,5.6
5/11/2010,13
5/10/2010,18.1
5/9/2010,17
5/8/2010,16.3
5/7/2010,15
5/6/2010,14.4
5/5/2010,9.6
5/4/2010,11.2
5/3/2010,9.7
5/2/2010,12.2
5/1/2010,11.4
4/30/2010,12.6
4/29/2010,18
4/28/2010,15
4/27/2010,18.6
4/26/2010,17.2
4/25/2010,10.9
4/24/2010,8.5
4/23/2010,12.4
4/22/2010,15.1
4/21/2010,8.7
4/20/2010,3.9
4/19/2010,4.1
4/18/2010,7.5
4/17/2010,9.4
4/16/2010,9.8
4/15/2010,12.5
4/14/2010,7.5
4/13/2010,8.2
4/12/2010,2.8
4/11/2010,2.4
4/10/2010,3.1
4/9/2010,4.4
4/8/2010,7.2
4/6/2010,6.3
4/5/2010,10
4/4/2010,9.5
4/3/2010,7.7
4/2/2010,6.3
4/1/2010,4.4
3/31/2010,0.8
3/30/2010,1.1
3/29/2010,-4.2
3/28/2010,-2.5
3/27/2010,9.2
3/26/2010,3.2
3/25/2010,6
3/24/2010,1.1
3/23/2010,-0.4
3/22/2010,-3.3
3/21/2010,-2.2
3/20/2010,13
3/19/2010,3
3/18/2010,6.5
3/17/2010,8.8
3/16/2010,4.1
3/15/2010,6.7
3/14/2010,-2.5
3/13/2010,-3.4
3/12/2010,5.3
3/11/2010,5.1
3/10/2010,1.3
3/9/2010,5.8
3/8/2010,4.1
3/7/2010,0.8
3/6/2010,-0.5
3/5/2010,-6.9
3/4/2010,-5.9
3/3/2010,-5.4
3/2/2010,-0.1
3/1/2010,-1.7
2/28/2010,-3
2/27/2010,0.8
2/26/2010,0.5
2/25/2010,1.3
2/24/2010,-1.3
2/23/2010,0.1
2/22/2010,1.3
2/21/2010,6.4
2/20/2010,-1
2/19/2010,0.7
2/18/2010,-1.9
2/17/2010,-13.7
2/16/2010,-14.6
2/15/2010,-14.1
2/14/2010,-14.1
2/13/2010,-13.7
2/12/2010,-13.7
2/11/2010,-17.5
2/10/2010,-17.3
2/9/2010,-12.7
2/8/2010,-12.9
2/7/2010,-12.2
2/6/2010,-9.9
2/5/2010,-8.8
2/4/2010,1.5
2/3/2010,0.7
2/2/2010,-4.1
2/1/2010,-3.5
1/31/2010,-2.4
1/30/2010,-2.9
1/29/2010,-3.7
1/28/2010,-6.2
1/27/2010,-3
1/26/2010,-0.4
1/25/2010,2.4
1/23/2010,0
1/22/2010,-6.8
1/21/2010,-13.8
1/20/2010,-18
1/19/2010,-15.9
1/18/2010,-9.3
1/17/2010,-0.5
1/16/2010,1.5
1/15/2010,2.4
1/14/2010,2.1
1/13/2010,-5
1/12/2010,-5.9
1/11/2010,-11.5
1/10/2010,-10.3
1/9/2010,-5.1
1/8/2010,-2.3
1/7/2010,0.5
1/6/2010,8.2
1/5/2010,7
1/4/2010,6.7
1/3/2010,0.3
1/2/2010,0.5
1/1/2010,6.7
12/31/2009,-3.3
12/30/2009,-1.5
12/29/2009,-7.3
12/28/2009,-6.1
12/27/2009,-9.8
12/26/2009,-13.5
12/25/2009,-8.9
12/23/2009,-2.9
12/22/2009,1.1
12/21/2009,5.7
12/20/2009,1.6
12/19/2009,-2.5
12/18/2009,-3.9
12/17/2009,0.9
12/16/2009,-2.7
12/15/2009,-5.4
12/14/2009,-6.9
12/13/2009,-5.9
12/12/2009,-9.7
12/11/2009,-9
12/10/2009,-12.3
12/9/2009,-9.6
12/8/2009,-0.3
12/7/2009,-3.9
12/6/2009,-4.3
12/5/2009,0.1
12/4/2009,-1.1
12/3/2009,0.1
12/2/2009,-0.7
12/1/2009,-2
11/30/2009,2.3
11/29/2009,2.9
11/28/2009,-0.3
11/27/2009,-1.9
11/26/2009,0.3
11/25/2009,-0.2
11/24/2009,0.5
11/23/2009,3.7
11/22/2009,4.3
11/21/2009,1.1
11/20/2009,-3.9
11/19/2009,-4.8
11/18/2009,-5.9
11/17/2009,-7.9
11/16/2009,-8.9
11/15/2009,-8.7
11/14/2009,-6.1
11/13/2009,-4.9
11/12/2009,-1.7
11/11/2009,-6.5
11/10/2009,-6.1
11/9/2009,0.1
11/8/2009,4.5
11/7/2009,8.4
11/6/2009,11.1
11/5/2009,14.6
11/4/2009,11.1
11/3/2009,9.3
11/2/2009,9.4
11/1/2009,6.2
10/31/2009,1.7
10/30/2009,1.2
10/29/2009,3.1
10/28/2009,8.6
10/27/2009,9.6
10/26/2009,4.5
10/25/2009,0.9
10/24/2009,4.9
10/23/2009,12.6
10/22/2009,9.2
10/21/2009,8
10/20/2009,8.8
10/19/2009,8
10/18/2009,9.6
10/17/2009,7.5
10/16/2009,6.8
10/15/2009,4.2
10/14/2009,4
10/13/2009,5.9
10/12/2009,3.3
10/11/2009,7.2
10/10/2009,3
10/9/2009,13.5
10/8/2009,14.1
10/7/2009,13.2
10/6/2009,10.5
10/5/2009,12
10/4/2009,10.6
10/3/2009,16.4
10/2/2009,22
10/1/2009,15.2
9/30/2009,13.4
9/29/2009,12.7
9/28/2009,14
9/27/2009,11.8
9/26/2009,13.7
9/25/2009,13.6
9/24/2009,9.2
9/23/2009,12.5
9/22/2009,16.6
9/21/2009,18.8
9/20/2009,17
9/19/2009,12.5
9/18/2009,13.4
9/17/2009,17.4
9/16/2009,19.6
9/15/2009,19.5
9/14/2009,17
9/13/2009,13.6
9/12/2009,13.5
9/11/2009,9.8
9/10/2009,12.8
9/9/2009,13.5
9/8/2009,7.8
9/7/2009,10.2
9/6/2009,8.1
9/5/2009,10.8
9/4/2009,10.6
9/3/2009,9.4
9/2/2009,16.2
9/1/2009,19.2
8/31/2009,16.1
8/30/2009,18.2
8/29/2009,20.6
8/28/2009,17.9
8/27/2009,17.8
8/26/2009,16.9
8/25/2009,19.5
8/24/2009,19
8/23/2009,15
8/22/2009,15
8/21/2009,18
8/20/2009,15.5
8/19/2009,21.2
8/18/2009,16.8
8/17/2009,16
8/16/2009,17.7
8/15/2009,16
8/14/2009,17.3
8/13/2009,19.1
8/12/2009,17.6
8/11/2009,22.3
8/10/2009,24.2
8/9/2009,23.6
8/8/2009,23.8
8/7/2009,15.6
8/6/2009,16.5
8/5/2009,19.3
8/4/2009,16.9
8/3/2009,21.4
8/2/2009,20.4
7/31/2009,24.2
7/30/2009,19.4
7/29/2009,20.1
7/28/2009,24
7/27/2009,25.9
7/26/2009,20.9
7/25/2009,18
7/24/2009,17.2
7/23/2009,17.5
7/22/2009,24.4
7/21/2009,21.9
7/20/2009,18.5
7/19/2009,18.7
7/18/2009,20.5
7/17/2009,20
7/16/2009,20
7/15/2009,21.8
7/14/2009,21.9
7/13/2009,22.2
7/12/2009,25.6
7/11/2009,19.6
7/10/2009,24.6
7/9/2009,21.8
7/8/2009,22.4
7/7/2009,20.6
7/6/2009,16.8
7/5/2009,13.3
7/4/2009,18.6
7/3/2009,22.6
7/2/2009,16.8
7/1/2009,14.2
6/30/2009,11.7
6/29/2009,15.4
6/28/2009,22.2
6/27/2009,21.4
6/25/2009,19
6/24/2009,19.9
6/23/2009,23.3
6/22/2009,24.2
6/21/2009,23.1
6/20/2009,20.8
6/19/2009,13
6/18/2009,10.4
6/17/2009,18.8
6/16/2009,23.6
6/15/2009,17.6
6/14/2009,13.2
6/13/2009,17
6/12/2009,21.9
6/11/2009,22.3
6/10/2009,20
6/9/2009,19.2
6/8/2009,15.2
6/7/2009,18.4
6/6/2009,18.8
6/5/2009,15.7
6/4/2009,11
6/3/2009,12
6/2/2009,14.5
6/1/2009,19.7
5/31/2009,15.5
5/30/2009,20.6
5/29/2009,20.2
5/28/2009,14
5/27/2009,8.7
5/26/2009,5.5
5/25/2009,10.4
5/24/2009,16.5
5/23/2009,11
5/22/2009,10.3
5/21/2009,17
5/20/2009,12.2
5/19/2009,12.8
5/18/2009,13.8
5/17/2009,15.4
5/16/2009,14.3
5/15/2009,16.6
5/14/2009,13.6
5/13/2009,14.7
5/12/2009,14.4
5/11/2009,14
5/10/2009,11.4
5/9/2009,6.4
5/8/2009,5.7
5/7/2009,10.3
5/6/2009,11.4
5/5/2009,11
5/4/2009,13
5/3/2009,16.8
5/2/2009,15.5
5/1/2009,8.3
4/30/2009,5.9
4/29/2009,3.5
4/28/2009,7.9
4/27/2009,6.6
4/26/2009,10.1
4/25/2009,11.4
4/24/2009,9.9
4/23/2009,6.5
4/22/2009,6.8
4/21/2009,12.4
4/20/2009,11.4
4/19/2009,5.9
4/18/2009,2.1
4/17/2009,2.8
4/16/2009,3.3
4/15/2009,9.8
4/14/2009,6.9
4/13/2009,9.9
4/12/2009,9.5
4/11/2009,12
4/10/2009,7.3
4/9/2009,7.6
4/8/2009,4.3
4/7/2009,8
4/6/2009,14.7
4/5/2009,11.6
4/4/2009,8
4/3/2009,12.6
4/2/2009,6.9
4/1/2009,7.2
3/31/2009,6.6
3/30/2009,9
3/29/2009,6.9
3/28/2009,8.8
3/27/2009,9.1
3/26/2009,6.3
3/25/2009,6.7
3/24/2009,8.8
3/23/2009,6.6
3/22/2009,4.4
3/21/2009,-1.1
3/20/2009,-5.5
3/19/2009,4.1
3/18/2009,4.8
3/17/2009,9
3/16/2009,13.8
3/15/2009,7
3/14/2009,2.8
3/13/2009,10.8
3/12/2009,-2
3/11/2009,-5.7
3/10/2009,-6.7
3/9/2009,0.9
3/8/2009,-0.5
3/7/2009,3.2
3/6/2009,3.2
3/5/2009,4.8
3/4/2009,-0.4
3/3/2009,-1.4
3/2/2009,-1.9
3/1/2009,-3.9
2/28/2009,-1.6
2/27/2009,-1.2
2/26/2009,-1.8
2/25/2009,0.4
2/24/2009,-6
2/23/2009,-6.9
2/22/2009,-3.3
2/21/2009,2.7
2/20/2009,-6.1
2/19/2009,-7.8
2/18/2009,-9.6
2/17/2009,-2.8
2/16/2009,-0.4
2/15/2009,-5.2
2/14/2009,-4.1
2/13/2009,-6.3
2/12/2009,-2.4
2/11/2009,2.6
2/10/2009,3.6
2/9/2009,2.3
2/8/2009,1.1
2/7/2009,-6
2/6/2009,-3.9
2/5/2009,-1.2
2/4/2009,-0.4
2/3/2009,1.7
2/2/2009,1.5
2/1/2009,-1.5
1/31/2009,1.6
1/30/2009,-2
1/29/2009,2.2
1/28/2009,0.4
1/27/2009,-5.6
1/26/2009,-6.7
1/25/2009,-7.9
1/24/2009,0.2
1/23/2009,-2.5
1/22/2009,-8.5
1/21/2009,-6.6
1/20/2009,-6.3
1/19/2009,-1.5
1/18/2009,-3.5
1/17/2009,-6.1
1/16/2009,-3.9
1/15/2009,-3.3
1/14/2009,-2.7
1/13/2009,-6.7
1/12/2009,-4.4
1/11/2009,1.5
1/10/2009,-5.4
1/9/2009,-9.6
1/8/2009,-3.5
1/7/2009,-8.3
1/6/2009,-9.4
1/5/2009,-10.3
1/4/2009,-4.5
1/3/2009,-3.8
1/2/2009,-6.8
1/1/2009,-6.3
12/31/2008,-7.6
12/30/2008,-2.4
12/29/2008,-2.9
12/28/2008,-1
12/27/2008,-11.3
12/26/2008,-10.4
12/25/2008,-6.3
12/24/2008,-1.8
12/23/2008,-4.5
12/22/2008,-3.7
12/21/2008,-3.4
12/20/2008,-4.7
12/19/2008,-3
12/18/2008,-2
12/17/2008,-1.4
12/16/2008,-0.7
12/15/2008,1.2
12/14/2008,0.2
12/13/2008,-4.4
12/12/2008,-2.9
12/11/2008,1.9
12/10/2008,-0.3
12/9/2008,-2
12/8/2008,-1.4
12/7/2008,-2.2
12/6/2008,-2
12/5/2008,-2.5
12/4/2008,-5.7
12/3/2008,-8.6
12/2/2008,-5.5
12/1/2008,1.4
11/30/2008,3.4
11/29/2008,7.2
11/28/2008,0.3
11/27/2008,2.6
11/26/2008,5.4
11/25/2008,0.5
11/24/2008,1.6
11/23/2008,3.1
11/22/2008,-2.7
11/21/2008,-2
11/20/2008,-1.6
11/19/2008,-1.9
11/18/2008,-1.4
11/17/2008,-2.5
11/16/2008,-0.2
11/15/2008,1
11/14/2008,0.2
11/13/2008,-3.2
11/12/2008,-4.7
11/11/2008,-1.9
11/10/2008,-2.1
11/9/2008,-1.5
11/8/2008,9.5
11/7/2008,10.1
11/6/2008,8
11/5/2008,2.3
11/4/2008,3.4
11/3/2008,5.8
11/2/2008,7.4
11/1/2008,7.8
10/31/2008,7.5
10/30/2008,6.8
10/29/2008,6.2
10/28/2008,4.4
10/27/2008,0.6
10/26/2008,3.2
10/25/2008,4.9
10/24/2008,7.6
10/23/2008,6
10/22/2008,2.1
10/21/2008,-0.1
10/20/2008,3.8
10/19/2008,13.2
10/18/2008,8.3
10/17/2008,7.6
10/16/2008,9.8
10/15/2008,11.2
10/14/2008,5.9
10/13/2008,6.7
10/12/2008,11.2
10/11/2008,15.6
10/10/2008,14.5
10/9/2008,12.4
10/8/2008,12.9
10/7/2008,9.6
10/6/2008,9.1
10/5/2008,13.2
10/4/2008,14.2
10/3/2008,9.6
10/2/2008,7
10/1/2008,12.9
9/30/2008,13.4
9/29/2008,11.8
9/28/2008,14.8
9/27/2008,16.4
9/26/2008,7.3
9/25/2008,6.8
9/24/2008,5.6
9/23/2008,3.6
9/22/2008,6.4
9/21/2008,8
9/19/2008,13
9/18/2008,16.2
9/17/2008,22.6
9/16/2008,17.4
9/15/2008,22.3
9/14/2008,22.1
9/13/2008,19.6
9/12/2008,22
9/11/2008,20.7
9/10/2008,19.6
9/8/2008,12.5
9/7/2008,8.1
9/6/2008,13.5
9/5/2008,16.2
9/4/2008,14.7
9/3/2008,23.1
9/2/2008,19.5
9/1/2008,19.8
8/31/2008,22
8/30/2008,23.3
8/29/2008,20.4
8/28/2008,13.2
8/27/2008,15
8/26/2008,27.6
8/25/2008,21.3
8/24/2008,22.7
8/23/2008,22.7
8/22/2008,22.8
8/21/2008,20
8/20/2008,15
8/19/2008,15.6
8/18/2008,23.3
8/17/2008,20.6
8/16/2008,21.2
8/15/2008,22.4
8/14/2008,21.6
8/13/2008,19
8/12/2008,16.8
8/11/2008,20.6
8/10/2008,27.8
8/9/2008,27.7
8/8/2008,26.3
8/7/2008,22.9
8/6/2008,18.2
8/5/2008,16.2
8/4/2008,21.8
8/3/2008,23.9
8/2/2008,26.8
8/1/2008,27.4
7/30/2008,24.8
7/29/2008,24
7/28/2008,21.9
7/27/2008,21.1
7/26/2008,17.2
7/25/2008,20.6
7/24/2008,18.6
7/23/2008,24.2
7/22/2008,26
7/21/2008,21.1
7/20/2008,22.7
7/19/2008,23.5
7/18/2008,23
7/17/2008,23.5
7/16/2008,19.3
7/15/2008,25.6
7/14/2008,25.2
7/13/2008,25.9
7/12/2008,22.6
7/11/2008,22.4
7/10/2008,21
7/9/2008,18.4
7/8/2008,21
7/7/2008,21.6
7/6/2008,20.9
7/5/2008,22.8
7/4/2008,22.5
7/3/2008,25.3
7/2/2008,18.9
7/1/2008,18.7
6/30/2008,17.6
6/29/2008,19.4
6/28/2008,22.3
6/27/2008,19.8
6/26/2008,17.7
6/25/2008,24
6/24/2008,23.2
6/23/2008,25.8
6/22/2008,23.5
6/21/2008,18.2
6/20/2008,17.5
6/19/2008,14.5
6/18/2008,17.4
6/17/2008,26.6
6/16/2008,25.2
6/15/2008,25.4
6/14/2008,21
6/13/2008,18.7
6/12/2008,19.7
6/10/2008,26.2
6/9/2008,24.4
6/8/2008,23.7
6/6/2008,24.8
6/5/2008,24
6/4/2008,21.6
6/3/2008,18.5
6/2/2008,19.6
6/1/2008,21.4
5/31/2008,23.8
5/30/2008,22
5/29/2008,21.6
5/28/2008,20
5/27/2008,18.3
5/26/2008,15
5/25/2008,15.2
5/24/2008,16.4
5/23/2008,17.6
5/22/2008,20.8
5/21/2008,17.8
5/20/2008,19.6
5/19/2008,18.4
5/18/2008,14.8
5/17/2008,13.8
5/16/2008,18.9
5/15/2008,20
5/14/2008,22.5
5/13/2008,20.4
5/12/2008,19.4
5/11/2008,16.4
5/10/2008,20.3
5/9/2008,20.4
5/8/2008,14
5/5/2008,15.8
5/4/2008,16.6
5/3/2008,11.1
5/2/2008,4.8
5/1/2008,9.8
4/30/2008,16
4/29/2008,12.6
4/28/2008,17.7
4/27/2008,19.7
4/26/2008,15
4/25/2008,11.2
4/24/2008,10.7
4/23/2008,16.2
4/22/2008,11
4/21/2008,5.6
4/20/2008,0.2
4/19/2008,-2.9
4/18/2008,-1.8
4/17/2008,10
4/16/2008,12.3
4/15/2008,12.8
4/14/2008,13.4
4/13/2008,14
4/12/2008,13.1
4/11/2008,7.8
4/10/2008,5.6
4/9/2008,5.3
4/8/2008,4.4
4/7/2008,14.6
4/6/2008,10.6
4/5/2008,12.6
4/4/2008,9
4/3/2008,11.4
4/2/2008,8.4
4/1/2008,7.4
3/31/2008,6.4
3/30/2008,9.2
3/29/2008,7.4
3/28/2008,4.5
3/27/2008,6
3/26/2008,7.3
3/25/2008,7.5
3/24/2008,16
3/23/2008,13
3/22/2008,13.5
3/21/2008,6
3/20/2008,1.3
3/19/2008,2.7
3/18/2008,5.8
3/17/2008,13.4
3/16/2008,12.2
3/15/2008,11.6
3/13/2008,9
